Video Title,Channel,Views,Comments,Tags
Gadar 2 Teaser | In Cinemas 11th August | Sunny Deol | Ameesha Patel | Anil Sharma | Zee Studios,Zee Studios,22061491,38222,"Gadar 2, Gadar 2 Ek Prem Katha, Sunny Deol, Ameesha Patel, Anil Sharma, Utkarsh Sharma, Teaser, Gadar 2 Teaser 2023, Tara Singh, Gadar, Sakina, Udd Ja Kaale Kawan, Main Nikla Gaddi Leke, Musafir Jaane Waale, Hum Juda Ho gaye, Gadar 2 Teaser, coming soon In Cinemas 11th August, Sunny Deol Ameesha Patel Gadar movie, Zee Studios, Gadar Action movies, Latest Gadar Movie 2023 Teaser"
Every Indian College | Ft. Indian Hostels & Students,NOT YOUR TYPE,2947199,16918,"Carry Minati bigboss mc salman, Every indian college, teenage Problems, ghost stories, childhood memories, type of teachers in india, Slayy Point when desi paris, triggered insaan, types of teachers, indian hostels, types of indian college"
"Prema Parikhyare Prathama Heli -Rupa,Pintu,udit Narayan,Ira Mohanty,Japani Bhai,NewVideo-ArmaanMusic",Armaan Music,407250,2201,"Prema Parikhya re Prathama Heli, Prema Parikhya re Prathama Heli RupaPintu, Prema Parikhyare Prathama Heli Odia song, Rupa Pintu New Song, rupa pintu new album song, Rupa Pintu video, Rupa Pintu Hit Song, Rupa Pintu Songs, Udit Narayan Songs, Udit Narayan odia Song, Udit Narayan Odia Gita, Ira Mohanty New Song, Ira Mohanty Hit Song, Ira Mohanty Songs, Japani Bhai New Song, Armaan Music, Armaan Music New Odia Song, Odia new song, Odia hit song, Odia new music video"
Kadhal 2 Kailasa Episode - 4 | Love Series | K2K | Micset,Mic Set,452963,1139,"micset, mic set, micset sothanaigal, sothanaigal, mic set sothanaigal, sothanaigal micset, mic set comedy, mike set, micset sriram, micset new episodes, mic set videos, micset sothanaigal in tamil, #micset, micset videos, mic set in tamil, micset latest episode, micset in tamil, web series, love series, comedy series, trending, episode 4, leo, love failure series, maaveeran, trending web series, micset web series, sothanaigal series, sriram web series, sriram video"
Mujhe Pyaar Hua Tha Ep 25 |Digitally Presented by Surf Excel & Glow & Lovely (Eng Sub)12th June 2023,ARY Digital HD,6673110,6508,"ary, ary digital, ary digital drama, ary drama, pakistani drama, ‡§™‡§æ‡§ï‡§ø‡§∏‡•ç‡§§‡§æ‡§®‡•Ä ‡§°‡•ç‡§∞‡§æ‡§Æ‡§æ, top pakistani drama, pakistani drama Mujhe Pyaar Hua Tha, Mujhe Pyaar Hua EP 25 Tha pakistani drama, ary digital drama Mujhey Pyar Hua Tha ep 25, Mujhe Pyaar Hua Tha episode 25 ary digital, Mujhe Pyaar Hua Tha EP 25, Mujhe Pyaar Hua tha Episode 25 12th June 2023, Pakistani Drama Mujhe Pyaar Hua tha, New Drama Mujhe Pyaar hua tha, mujhe pyar hua tha, hania drama, wahaj ali, new drama wahaj ali"
Class 11th Barbaad !! Fir Bhi Bana NEET 2023 TOPPER ü´°  AIR 59 - Vaibhav || Scored 710 Marks ‚ö°,Physics Wallah - Alakh Pandey,1094752,2665,"neet, neet 2023, neet 2023 topper, neet topper, neet topper interview, class 11, class 11th, class 11 neet, topper of neet 2023, pw, pw neet, physics wallah, pw neet topper 2023, physics wallah neet, neet 2023 topper interview, neet ug, neet result, neet result 2023, neet 2023 result, neet exam 2023 topper, topper interview, neet 710 marks, neet exam topper interview, neet topper vaibhav, vaibhav neet topper, class 11th barbad, class 11th barbad in neet"
NEET 2023 Results üöÄ || 7 Students SCORED 700+ Marks !! üî• Physics Wallah,Physics Wallah - Alakh Pandey,675013,857,"neet, neet 2023, neet 2023 result, neet 2023 result topper, neet 2023 topper, neet 2023 score, neet 2023 results, neet 2023 exam, neet 2023 exam result, neet result 2023, neet result, neet results 2023, neet exam result, neet exam 2023, neet exam 2023 result, pw, pw neet, physics wallah, neet result live, neet result out, neet result out 2023, neet 2023 result out, pw neet topper, pw neet 2023 result, neet ug, neet 2024"
Backbenchers - College Life | Final Episode | Part - 2| Dorasai Teja | VarshaDsouza | InfinitumMedia,Tej India,3115999,8365,"backbenchers college life, backbenchers final episode, tej india backbenchers season 2 ep 15, backbenchers web series, backbenchers, dorasai teja varsha dsouza, tej india college life final episode, tej india latest, tej india backbenchers, backbenchers college life final episode, varsha dsouza short films, tej india, dorasai teja backbenchers, dora sai teja, varsha dsouza, telugu web series, tej india new, backbenchers college life final episode part 2, telugu short films 2023"
"#Video - ‡§ö‡§≤ ‡§ö‡§≤ (Chal Chal) | #Pawan Singh, #Dimpal Singh | #Shivani Singh | Bhojpuri Song 2023 | GMJ",GMJ - Global Music Junction - Bhojpuri,4486591,26209,"pawan singh, pawan singh new song, pawan singh new song 2023, pawan singh ke gana, pawan singh song, shivani singh, shivani singh bhojpuri song, shivani, shivani singh new song, shivani singh ke gana, ‡§ö‡§≤ ‡§ö‡§≤, chal chal, chal chal chal tohar maai se kahem, chal chal new song, chal chal new bhojpuri song, chal chal pawan singh song, bhojpuri, bhojpuri song, bhojpuri new song, bhojpuri song 2023, bhojpuri gana, gmj, pawan singh shivani singh ka gana, pawan singh dimpal singh"
Finally New Car Ki Delivery Leli | New Car REVEAL,Dimple Malhan Vlogs,1959135,3872,"Dimple malhan vlogs, Family vlog, triggered insaan, Nischay Malhan shorts, Fukra insaan, Wanderer‚Äôs hub, Live insaan, Fukra insaan live"
"Doctor - 2023 New Released South Hindi Dubbed Movie| Sivakarthikeyan, Vinay Rai, Priyanka Arul Mohan",Goldmines,11474403,6432,"Goldmines, Doctor Hindi Trailer, Doctor Hindi Dubbed Movie, sivakarthikeyan hindi dubbed full movie, doctor full movie hindi dubbed, priyanka arul mohan hindi dubbed movies, vinay rai hindi dubbed movies, yogi babu hindi dubbed full movie, sivakarthikeyan new movie hindi dubbed, 2023 south indian movie hindi dubbed, 2023 new south movie hindi dubbed, south action comedy movies dubbed in hindi, doctor tamil movie hindi dubbed, goldmines new movie 2023 hindi dubbed"
‡Æï‡Øã‡Æ≤‡Ææ‡Æï‡Æ≤‡ÆÆ‡Ææ‡Æï ‡Æ®‡Æü‡Æ®‡Øç‡Æ§ ‡Æé‡Æ©‡Øç ‡Æ§‡Æô‡Øç‡Æï‡Æö‡Øç‡Æö‡Æø ‡Æö‡Æü‡Æô‡Øç‡Æï‡ØÅ ü•∫‚ù§Ô∏è Papa‚Äôs Grand Puberty Function ‚ù§Ô∏è‚ù§Ô∏è  @ramwithjaanu,Ram With Jaanu,724297,535,"Ram with Jaanu, Ram Jaanu, New Video, Ram Jaanu New video, Keerthi Shrathah, Ram Balaji, make up, Trending, tamil couple, tamil trending, funny vlog, funny family, funny couple, transformation, girl, Anni with Nathanar, new video, Ram, Jaanu, Cute girl, family vlog, Funny Husband, Tamil kudumbam, Celebration, Trail Makeup, Makeup, Papa, Function, Couple vlogger, blogger, Couple Blogger, Ram Jaanu Family, HairStyle, Getting Ready, PhotoShoot, Trending cover song, Puberty Function"
Washington DC to New York - An American Truck Yatra!,Rahul Gandhi,2179273,12360,"rahul Gandhi, ‡§∞‡§æ‡§π‡•Å‡§≤ ‡§ó‡§æ‡§Ç‡§ß‡•Ä, congress, rahul gandhi latest video, ‡§∞‡§æ‡§π‡•Å‡§≤ ‡§ó‡§æ‡§Ç‡§ß‡•Ä ‡§®‡•ç‡§Ø‡•Ç‡§ú, #rahulgandhi, rahul gandhi interaction with truck drivers, Rahul Gandhi Truck Ride Video, Rahul Gandhi Travelling in Truck Video, Rahul Gandhi Travels By Truck From washington DC To New York, Rahul Gandhi takes a truck ride in United States, Rahul Gandhi interacts with truck driver, #BharatJodoYatra, Bharat Jodo Yatra Rahul Gandhi Truck ride Washington DC to New York, Rahul Gandhi Truck Yatra in US"
Flirting with Air Hostess in Game? | SlayyPop,SlayyPop,1153696,1642,"slayypoint, slayypop, abhyudaya, gautami, funny game, indian game"
Glock - Karan Randhawa (Full Song) Guri | Rukshaar Dhillon | Tufang in Cinemas 21 July,Geet MP3,1250054,6630,"geet mp3, gk digital, Tufang Movie, New Punjabi Movie, New Punjabi Song, Guri, Karan Randhawa, karan randhawa new song, Glock, Glock Song, New Song Karan Randhawa, Glock Punjabi Song, guri new movie 2023, Lover, Lover Movie, Rukshaar Dhillon, punjabi songs, glock, glock karan randhawa, karan randhawa glock, glock song, glock new song, latest punjabi song, new punjabi song, latest punjabi song 2023, new punjabi song 2023, guri new movie, guri and jagjeet sandhu, guri"
Kichu‚Äôs Birthday|Sindhu krishna,Sindhu Krishna,393445,918,
BHOOT BANGLA - The Beginning || Rachit Rojha,Rachit Rojha,514892,1452,"rachit rojha, rachit rojha videos, rachit rojha family video, brother and sister, brother sister, bhai behan video, funny, comedy, mother, bhai, behan, bhoot, family, siblings, ghar, home, car, rachit rojha latest video, comedy bhoot, bhoot comedy, fight, revenge, rachit rojha bhoot bangla, rachit rojha bhai behan, bhai vs behan, new house, makeup, BHAI BEHAN AUR ‡§ö‡•Å‡§°‡§º‡•à‡§≤, bhoot bangla episode 1, dadi, rangeela friend, jungle, forest, rachit shaadi, petrol, rachit bhoot bangla, horror comedy"
Bhagavanth Kesari Teaser | Nandamuri Balakrishna | Anil Ravipudi | Kajal | Sree Leela | Thaman S,Junglee Music Telugu,18270272,7387,"bhagavanth kesari, bhagavanth kesari trailer, Bhagavanth Kesari Teaser, Nandamuri Balakrishna Bhagavanth Kesari, Bhagavanth Kesari Teaser Launch, nandamuri balakrishna, balakrishna, balakrishna new movie trailer, balayya new teaser, bhagavath kesari teaser, new south movie, Kajal Aggarwal, Sreeleela, balayya, jai balayya, balakrishna new movie, Arjun Rampal, Anil Ravipudi, balakrishna movies, balayya new movie, balakrishna latest movie, jai balayya movie, anil ravipudi movies"
#Video | ‡§≤‡§π‡§∞ ‡§â‡§†‡•á | #Khesari Lal Yadav | Lahar Uthe | Ft. Raksha Gupta | #Priyanka Singh | Hit Song,Blue Beat Bhojpuri,1549472,11801,"Khesari Lal, Khesari Lal Yadav, khesari lal new song, khesari lal new song 2023, khesari lal ke gana, khesari lal ka gana, shilpi raj bhojpuri song, khesari lal yadav new song, khesari lal, Khesari lal ka gana, blue beat bhojpuri, khesari lal blue beat bhojpuri, priyanka singh ka gana, khesari lal raksha gupta, Lahar Uthe, ‡§≤‡§π‡§∞ ‡§â‡§†‡•á, khesari ka naya gana, khesari lal yadav new video, new bhojpuri song 2023, bhojpuri naya gana, bhojpuri song 2023, khesari lal yadav hits"
BTS (Î∞©ÌÉÑÏÜåÎÖÑÎã®) 'Take Two' Live Clip #2023BTSFESTA,BANGTANTV,5530711,77930,"Î∞©ÌÉÑÏÜåÎÖÑÎã®, BTS, BANGTAN, ÏïåÏó†, RM, ÏäàÍ∞Ä, SUGA, Ï†úÏù¥Ìôâ, jhope, ÏßÄÎØº, Ï†ïÍµ≠, k-pop, Î∞©ÌÉÑ, j-hope, Jung Kook, Jimin, BTS V, Jin"
Sunaina‚Äôs Birthday Special Vlog ü•∞üéÇ | Mashura | Basheer Bashi | Suhana,Mashura Basheer,464748,329,
"$1 vs $1,000,000,000 Yacht!",MrBeast,80931218,97422,
I BOUGHT MY CHILDHOOD TOYS FROM AMAZON,The RawKnee Games,433661,1009,"therawknee, rony, therawkneeshow, rawknee, therawknee games, childhood toys, childhood toys unboxing, childhood toys part 1, childhood toys part 2, childhood toys collection, childhood toys 90s, childhood toys chimkandi, childhood toys bixu, childhood toys video, childhood toys india, childhood toys reaction, childhood toys that got banned, childhood toy box, rawknee amazon, rawknee amazon video, rawknee amazon shopping, rawknee amazon gun, rawknee toys, childhood memories, toys"
The Kapil Sharma Show | Kapil In Conversation With Popular Voices Of The Radio Industry | Uncensored,Kapil Sharma,289468,206,"K9 Films, stand up artist, Comedian, celebrity, famous personality, film productions, film industry, very famous, Comedy nights with Kapil, The Kapil Sharma Show, kapil sharma, kapil sharma movie, kapil sharma k9, kapil sharma news, kapil sharma show, kapil, kapil sharma comedy, kapil sharma new show, kapil sharma new show 2018, kapil sharma show full episodes, kapil sharma show 2019, kapil sharma show live, RJ Anmol, RJ Naved, RJ Malishka, RJ Anurag Pandey, RJ Jeeturaaj"
"Vannarapettayila - Second Single Promo | Maaveeran | Sivakarthikeyan, Aditi Shankar | Bharath Sankar",Saregama Tamil,997462,754,"Vannarapettayila, maaveeran songs, maaveeran, maaveeran single, maaveeran song, sivakarthikeyan, sivakarthikeyan maaveran, sivakarthikeyan singing, sivakarthikeyan songs, aditi shankar, bharath sankar, Madonne Ashwin, sivakarthikeyan songs new, latest tamil songs, tamil kuthu songs, tamil dance songs, sivakarthikeyan don, sivakarthikeyan new song, tamil latest songs 2023, varisu songs, Anirudh new song, celebration of varisu"
"$1 HULKBUSTER  to $1,000,000,000 in GTA 5",TheLoudDude,651405,187,"gaming, video game, 1$ vs 100000$ IRONMAN suit, rich vs poor iron man, gta 5 mod, gta v, grand theft auto 5, gta $1, funny gta 5 moments, gta 5 funny mods, gta 5 mods, gta 5, grand theft auto, spiderman, ghost rider gta 5, Thanos gta 5 mod, ghost rider gta, iron spider, Chainsaw man, gta 5 shinchan, $1 gta, 1 dollar krrish suits, 1 million dollar Chainsaw man, Chainsaw man suits in gta 5, ironman, venom, carnage, anti venom, thelouddude, mark 44, hulkbuster, hulkbuster god"
Indians In Summer Vacation | Ft. Tena Jaiin | The Paayal Jain,The Paayal Jain,2893558,7495,"the paayal jain new video, the payal jain new video, tena jaiin, paayal, the paayal jain, paayal jain, india, every, indian, family, every indian, savitri, chintu, indian mom, mom, moms, mummy, mother, maa, maa beti, middle class, middle class family, indian middle class, comedy, funny, summer vacation, childhood memory, maa vs beti, saas bahu, indians in summer vacation, summer vacations, family trip, road trip, holiday homework, summer, hill station, school life, school days"
"Systumm Speical Ft. Elvish Yadav, Luv Kataria, Anoop Chahal, DG Immortals | RealTalk Ep. S02 Ep. 28",RealHit,1393969,5140,"realhit, realhit new video, realhit podcast, podcast, hindi podcast, best hindi podcast, realhit comedy video, realtalk with realhit, realtalk new episode, realhit new podcast, shubham gandhi, deepak chauhan, piyush gurjar, elvish yadav, elavish yadav new video, elvish yadav vlogs, systumm, systumm new video, systum song, systyumm elvish yadav, dg immortals, dg new song, anoop chahal, faridabad rockers, love kataria vlogs, kataria new vlog, elvish new podcast, elvishrealhit"
"‡Æ™‡Øä‡Æ£‡Øç‡Æü‡Ææ‡Æü‡Øç‡Æü‡Æø ‡Æá‡Æ≤‡Øç‡Æ≤‡Æ©‡Ææ ‡Æö‡ØÜ‡Æ§‡Øç‡Æ§‡ØÅ‡Æ∞‡ØÅ‡Æ™‡Øç‡Æ™‡Øá‡Æ©‡Øç: Robo Shankar & Wife Emotional Interview | Priyanka, Vanitha",IndiaGlitz Tamil,482098,353,"robo shankar interview, robo shankar, robo shankar wife, robo shankar daughter, robo shankar comedy, priyanka robo shankar interview, robo shankar family, indraja robo shankar interview, robo shankar speech, indraja shankar, vijay tv, bigil, sivakarthikeyan, maari 2, viswasam, ajith, tsk, azhar vijay tv, vanitha vijayakumar, robo shankar weight loss, thalapathy vijay, priyanka robo shankar, robo shankar health, robo shankar wife emotional speech, cobra movie, vanitha, indiaglitz"
Piyush Ka Birthday Gift Aagya üòç,Sourav Joshi Vlogs,4807308,7929,"sourav joshi, sourav joshi vlogs, piyush joshi vlogs, piyush joshi gaming, family videos, family vlogs, daily vlogger, daily vlogging, daily vlogs, travel vlogs, playing with family, family vlog, next music video shoot, music video shoot, travel videos, travel vlog, bike vs car, bike va thar race"
Anitha Birthday Celebration‚ù§Ô∏è| Prabha ‡Æï‡ØÅ‡Æü‡ØÅ‡Æ§‡Øç‡Æ§ Gold Giftüòçüí• | Anithasampath Vlogs,Anithasampath Vlogs,228670,391,"anitha sampath vlogs, anitha sampath, anithasampath vlogs, anitha sampath channel, anitha sampath makeup video, birthday vlog, anitha bday, bday, anithasampath birthday, birthaday fun, birthday gift, gifts on birthday, fun filled birthday, birthday party, happy birthday, birthday celebration, surprises, gifts, birthday gifts, birthday surprises, cakes, birthday cakes"
EAGLE | Title Announcement | Ravi Teja | Karthik Gattamneni | People Media Factory,People Media Factory,1615907,1514,"EAGLE, Title Announcement, Ravi Teja, Anupama, Karthik Gattamneni, People Media Factory, Anupama Parameswaran, Navdeep, Srinivas Avasarala, Madhubala, Kavya Thapar, TG Vishwa Prasad, Vivek Kuchibhotla, Davzand, Manibabu Karanam, Ravi Teja 73, RT 73 Title Announcement Video, RT73 Title Announcement, RT 73 Title, Ravi Teja 73 Movie, Eagle Movie, Latest Telugu Movie 2023, Ravi Teja New Movie, RT 73, RT 73 Movie, Ravi Teja Eagle, Anupama Parameswaran Movies, Eagle Telugu Movie"
NEW! Ep 3794 - Pakda Gaya Pyaarelal?! | Taarak Mehta Ka Ooltah Chashmah | ‡§§‡§æ‡§∞‡§ï ‡§Æ‡•á‡§π‡§§‡§æ,Taarak Mehta Ka Ooltah Chashmah,2821732,1721,"Taarak Mehta Ka Ooltah Chashmah, ‡§§‡§æ‡§∞‡§ï ‡§Æ‡•á‡§π‡§§‡§æ, taarak mehta funny, taarak mehta comedy, taarak mehta comedy scenes, jethalal babita funny, funny taarak mehta videos, jethalal, babita, tmkoc, jetha bhide, taarak episode, tmkoc latest episode, tarak mehta ka ulta chashma, taarak mehta ka ulta chashma, ‡§§‡§æ‡§∞‡§ï ‡§Æ‡•á‡§π‡§§‡§æ ‡§ï‡§æ ‡§â‡§≤‡•ç‡§ü‡§æ ‡§ö‡§∂‡•ç‡§Æ‡§æ, tarak mehta, ‡§ú‡•á‡§†‡§æ‡§≤‡§æ‡§≤, tarak mehta new episode, ‡™ú‡´á‡™†‡™æ‡™≤‡™æ‡™≤, taarak mehta full episode, taarak mehta new episode, tmkoc full episode, english subtitle episode, tapu"
Backbenchers - College Life | Final Episode | Part - 1| Dorasai Teja | VarshaDsouza | InfinitumMedia,Tej India,3771137,7284,"backbenchers college life, backbenchers final episode, tej india backbenchers season 2 ep 15, backbenchers web series, backbenchers, dorasai teja varsha dsouza, tej india college life final episode, tej india latest, tej india backbenchers, backbenchers college life final episode, varsha dsouza short films, tej india, dorasai teja backbenchers, dora sai teja, varsha dsouza, telugu web series, tej india new, backbenchers college life final episode part 1, telugu short films 2023"
India‚Äôs GDP is now $3.75 trillion Officially | Huge jump finally registered,wifistudy 2.0,524550,2690,"prashant dhawan, prashant dhawan world affairs, world affairs, current affairs, current affairs today, unacademy, upsc, upsc current affairs, India‚Äôs GDP is now $3.75 trillion Officially, india, india gdp, india gdp 2023, india gdp growth 2023, india gdp growth, india gdp in trillion, india gdp per capita, india gdp growth rate, india gdp in billion dollars, india gdp per capita 2023, india gdp in rupees, india gdp 2023 in trillion dollars, 2014 to 2023 gdp, $3.75 trillion"
FAMILY AUR PAPPA KI REPORT! //MUST WATCH//,Hyderabad Diaries,552006,564,"Hyderabad, Diaries, hyderabadi comedy, hyderabadi, movie, pati, patni, family, sister, behen, bhai, joint family, padosan, padosi, brother in law, saala, bhaijaan, pappa, ammi, mom, dad, bawa, gullu dada, akbar bin tabbar, altaf, shahrukh, zainab, aarti, hyderabadi dialogue, viral, trending"
Pandian Stores | 13th to 17th June 2023 - Promo,Vijay Television,2501329,763,"Dhanalakshmi, Kannan, Kathir, Pandian Stores, Redefining Entertainment, Sathyamoorthy, Star, Star Vijay TV, Tamil Shows, Tamil TV, Vijay, Vijay TV, hotstar, jeeva, ‡Æü‡Æø‡Æµ‡Æø, ‡Æ§‡ÆÆ‡Æø‡Æ¥‡Øç, ‡Æ§‡Øä‡Æ≤‡Øà‡Æï‡Øç‡Æï‡Ææ‡Æü‡Øç‡Æö‡Æø, ‡Æ™‡Ææ‡Æ£‡Øç‡Æü‡Æø‡ÆØ‡Æ©‡Øç ‡Æ∏‡Øç‡Æü‡Øã‡Æ∞‡Øç‡Æ∏‡Øç, ‡Æµ‡Æø‡Æú‡ÆØ‡Øç"
GANGULY BIG INTERVIEW: SOURAV Breaks his Silence on Controversy with Virat | Vikrant Gupta Exclusive,Sports Tak,739958,2350,"sports tak, sportstak, sports, sports events, cricket, videos, interviews, Sports News, Cricket News, Sports Update, Cricket Update, sourav ganguly latest interview, sourav ganguly on virat kohli, sourav ganguly on wtc final, sourav ganguly on rohit sharma, wtc final india, virat kohli sourav ganguly controversy, virat kohli captaincy, sourav ganguly breaks silence over virat kohli captaincy, sourav ganguly vikrant gupta, vikrant gupta interview"
I KIDNAPPED PLAYERS IN HYPIXEL SKYBLOCK FOR MONEY | MINECRAFT,Chapati Hindustani Gamer,553035,2127,"chapati, chapati hindustani gamer, chapati gamer, chapati loggy, loggy hindi gamer, loggy hindustani gamer, loggy gamer, loggy chapati, chapati hindustani gamer loggy, hypixel chapati, chapati hindustani gamer hypixel, hypixel money, money hypixel, hypixel coins, hypixel cash, hypixel skyblock, minecraft hypixel skyblock, hypixel skyblock guide, skyblock, hypixel minecraft"
THAILAND DE MAZZE | ONLY 18+ MATERIAL | CRAZIEST WATER FESTIVAL | FUNNY PUSH WORKOUT | SEHAJ ZAILDAR,Sehaj Zaildar,138695,874,"sehaj, sehaj zaildar, sehaj zaildar reels, sehaj zaildar new video, sehaj zaildar vloh, thailand, phuket, thailand night life, thailand girls, the big budhha, elephant park in thailand, funny video, comedy video, thailand massage, patong beach, girls in thailand, 18+ vlog, punjabi vlogger, push workout, chest workout, tricep wokout"
Aaha Kalyanam | 13th to 16th June 2023 - Promo,Vijay Television,2278607,354,"Aaha Kalyanam, Fiction, New Fiction, New Serial, Star, Star Vijay, Star Vijay TV, Tamil Shows, Tamil TV, Vijay, Vijay TV, ‡Æü‡Æø‡Æµ‡Æø, ‡Æ§‡ÆÆ‡Æø‡Æ¥‡Øç, ‡Æ§‡Øä‡Æ≤‡Øà‡Æï‡Ææ‡Æü‡Øç‡Æö‡Æø, ‡Æ§‡Øä‡Æ≤‡Øà‡Æï‡Øç‡Æï‡Ææ‡Æü‡Øç‡Æö‡Æø, ‡Æµ‡Æø‡Æú‡ÆØ‡Øç"
Thendral Vanthu Ennai Thodum | 13th to 17th June 2023 - Promo,Vijay Television,1948453,498,"Redefining Entertainment, Star, Star Vijay TV, Tamil Shows, Tamil TV, Thendral Vanthu Ennai Thodum, Vijay, Vijay TV, ‡Æü‡Æø‡Æµ‡Æø, ‡Æ§‡ÆÆ‡Æø‡Æ¥‡Øç, ‡Æ§‡Øä‡Æ≤‡Øà‡Æï‡Øç‡Æï‡Ææ‡Æü‡Øç‡Æö‡Æø, ‡Æµ‡Æø‡Æú‡ÆØ‡Øç"
Uppum Mulakum 2‚îÇFlowers‚îÇEP# 259,Flowers Comedy,1772406,2803,"flowers tv, flower tv comedy, flower tv malayalam, malayalam comedy, malayalam comedy movies, Comedy Utsavam, mimicry, comedy, mimic, stage, kerala, talent, malayalam, entertainment, malayalam cinema, UppumMulakum2, Chakkappazham2"
Pura Din Car Chala Raha Hai üò≤,Sourav Joshi Vlogs,3192538,6986,"sourav joshi, sourav joshi vlogs, piyush joshi vlogs, piyush joshi gaming, family videos, family vlogs, daily vlogger, daily vlogging, daily vlogs, travel vlogs, playing with family, family vlog, next music video shoot, music video shoot, travel videos, travel vlog, white thar, white thar vlog"
Gadar 2 Teaser Review | Yogi Bolta Hai,YOGI BOLTA HAI,627757,958,"Gadar, Gadar 2, Gadar 2 Teaser, Gadar sequel, Sunny Deol, Amisha Patel, New Story, Blockbuster, Superhit, New Movie, Upcoming Movie, Animal, OMG 2, Akshay Kumar, Ranbir Kapoor, in Theatres, 11th August, 11 august 2023, Yogi Bolta Hai, teaser"
Baarish Aayi Hai - Rito Riba | Shivangi Joshi | Ankit Gupta | Rajat Nagpal |Rana Sotal | Anshul Garg,Play DMF,2284795,8299,"Desi Music Factory, Yo Yo Honey Singh, Rito Riba, Shenaaz Gill, alfaaz, bollywood, rap, Latest Hindi Songs', Viral Song, Trending, latest punjabi songs, latest haryanvi song, official video, most watched, New Hindi Song, Khesari Lal Yadav, Baarish aayi hai, baarish song, rito riba new song, latest songs 2023, rito riba viral song, rain song, monsoon special songs, barish, hits of rito riba, 2023, romantic songs, baarish special song, ankit gupta new song, shivangi joshi"
"‡§¨‡§∏ 1‡§ö‡§Æ‡•ç‡§Æ‡§ö ‡§á‡§∏‡•á ‡§ñ‡§æ‡§≤‡•ã- ‡§π‡§°‡•ç‡§°‡§ø‡§Ø‡§æ‡§Ç ‡§Æ‡§ú‡§¨‡•Ç‡§§, ‡§ñ‡•Ç‡§® ‡§µ Vitamin D ‡§ï‡•Ä ‡§ï‡§Æ‡•Ä ‡§®‡§π‡•Ä‡§Ç ‡§π‡•ã‡§ó‡•Ä, ‡§§‡§Ç‡§¶‡•Å‡§∞‡§∏‡•ç‡§§‡•Ä ‡§Æ‡§ø‡§≤‡•á‡§ó‡•Ä ‡§≠‡§∞‡§™‡•Ç‡§∞ /Energy",Ray Kitchen,138130,56,"makhana halwa recipe, makhane ka halwa, makhana Dalia halwa, broken wheat halwa, protein halwa, energy booster recipe, makhana recipes for weight loss, makhana recipe, makhana ke fayde, healthy recipe, healthy halwa recipe, healthy Halwa recipe, weight loss recipe, Makhana Halwa, makhana almond Halwa recipe, makhana recipes, makhana khane ke fayde, badam halwa, makhana badam halwa, ray kitchen, cooking, recipe, Rainy Season, Energy, Makhana, Badam, broken wheat, Halwa, daliya"
WE OPENED OUR OWN FOOD TRUCKS,Homeys,3726222,7022,"homeys new video, homey's channel, food truck business, food truck challenge masterchef, food truck india, mythpat, techno gamerz, urmila mythpat, slayy point vlog"
Subscribers Decide My Day ft. @nishutiwarivlogs | Day In My Life Challenge | Passüëçüèºor Failüëéüèº| Nykaa,Nykaa,213607,280,"nykaa, subscribers decide my day, fun challenge videos, day in my life vlogs, Nishu Tiwari, interactive YouTube experience, thrilling activities and challenges, unexpected surprises in my vlogs, adventures with Nishu Tiwari, daily vlogs with Nishu Tiwari, interactive vlogging series, fun challenges chosen by subscribers, behind-the-scenes with Nishu Tiwari, real-life adventures, subscribe to Nishu Tiwari's daily adventures, exciting vlogs based on your suggestions"
‡¥™‡µÅ‡¥§‡¥ø‡¥Ø ‡¥µ‡µÄ‡¥ü‡µç‡¥ü‡¥ø‡¥≤‡µÜ ‡¥Ü‡¥¶‡µç‡¥Ø‡¥§‡µç‡¥§‡µÜ Day in my life||‡¥∏‡µç‡¥ï‡µç‡¥ï‡µÇ‡µæ ‡¥§‡µÅ‡¥±‡¥®‡µç‡¥® ‡¥∂‡µá‡¥∑‡¥Ç Busy ‡¥Ü‡¥Ø‡¥ø|A Day in my life|Shadiyas Vlogs,Shadiya's Tips n Vlogs,137459,244,"a day in my life, shadiyas Tips n vlogs, shadiya vlog, malayalam vlog, day in life, morning vlog, lunch box recipes, day vlog, daily vlog, Malabarian recipes by shadiya, school day in my life, recipes, simple, easy, home made, vlogs, Tips, malayalam vlogs, Kerala vlog, cleaning, home tour, kitchen tour, new home, family vlog"
